{"success": true, "score": 93.20666666666668, "scoreJson": {"score": 93.20666666666668, "mean_recall": 93.20666666666668, "r1": 84.06, "r5": 96.92, "r10": 98.64}}