{"success": true, "score": 98.33333333333334, "scoreJson": {"score": 98.33333333333334, "mean_recall": 98.33333333333334, "r1": 95.39999999999999, "r5": 99.7, "r10": 99.9}}