{"success": true, "score": 89.92666666666666, "scoreJson": {"score": 89.92666666666666, "mean_recall": 89.92666666666666, "r1": 77.92, "r5": 94.48, "r10": 97.38}}