{"success": true, "score": 90.80666666666667, "scoreJson": {"score": 90.80666666666667, "mean_recall": 90.80666666666667, "r1": 79.5, "r5": 95.34, "r10": 97.58}}