{"success": true, "score": 96.96666666666665, "scoreJson": {"score": 96.96666666666665, "mean_recall": 96.96666666666665, "r1": 92.4, "r5": 98.9, "r10": 99.6}}