{"success": true, "score": 86.93333333333334, "scoreJson": {"score": 86.93333333333334, "mean_recall": 86.93333333333334, "r1": 73.1, "r5": 92.0, "r10": 95.7}}