{"success": true, "score": 94.66666666666667, "scoreJson": {"score": 94.66666666666667, "mean_recall": 94.66666666666667, "r1": 87.3, "r5": 97.7, "r10": 99.0}}