{"success": true, "score": 91.38000000000001, "scoreJson": {"score": 91.38000000000001, "mean_recall": 91.38000000000001, "r1": 80.54, "r5": 95.82000000000001, "r10": 97.78}}