{"success": true, "score": 96.63333333333334, "scoreJson": {"score": 96.63333333333334, "mean_recall": 96.63333333333334, "r1": 91.7, "r5": 98.7, "r10": 99.5}}