{"success": true, "score": 90.18666666666667, "scoreJson": {"score": 90.18666666666667, "mean_recall": 90.18666666666667, "r1": 78.3, "r5": 94.69999999999999, "r10": 97.56}}