{"success": true, "score": 90.75333333333333, "scoreJson": {"score": 90.75333333333333, "mean_recall": 90.75333333333333, "r1": 79.64, "r5": 95.02000000000001, "r10": 97.6}}