{"success": true, "score": 89.76666666666665, "scoreJson": {"score": 89.76666666666665, "mean_recall": 89.76666666666665, "r1": 77.22, "r5": 94.67999999999999, "r10": 97.39999999999999}}