{"success": true, "score": 96.03333333333333, "scoreJson": {"score": 96.03333333333333, "mean_recall": 96.03333333333333, "r1": 90.3, "r5": 98.2, "r10": 99.6}}