{"success": true, "score": 90.53333333333335, "scoreJson": {"score": 90.53333333333335, "mean_recall": 90.53333333333335, "r1": 79.28, "r5": 94.92, "r10": 97.39999999999999}}