{"success": true, "score": 96.63333333333334, "scoreJson": {"score": 96.63333333333334, "mean_recall": 96.63333333333334, "r1": 91.3, "r5": 98.9, "r10": 99.7}}