{"success": true, "score": 89.16666666666666, "scoreJson": {"score": 89.16666666666666, "mean_recall": 89.16666666666666, "r1": 76.55999999999999, "r5": 94.02000000000001, "r10": 96.92}}