{"success": true, "score": 95.73333333333332, "scoreJson": {"score": 95.73333333333332, "mean_recall": 95.73333333333332, "r1": 89.5, "r5": 98.4, "r10": 99.3}}