{"success": true, "score": 90.25999999999999, "scoreJson": {"score": 90.25999999999999, "mean_recall": 90.25999999999999, "r1": 78.46, "r5": 94.94, "r10": 97.38}}