{"success": true, "score": 96.13333333333335, "scoreJson": {"score": 96.13333333333335, "mean_recall": 96.13333333333335, "r1": 90.5, "r5": 98.5, "r10": 99.4}}