{"success": true, "score": 90.20666666666666, "scoreJson": {"score": 90.20666666666666, "mean_recall": 90.20666666666666, "r1": 78.4, "r5": 94.78, "r10": 97.44}}