{"success": true, "score": 96.93333333333332, "scoreJson": {"score": 96.93333333333332, "mean_recall": 96.93333333333332, "r1": 92.4, "r5": 98.9, "r10": 99.5}}