{"success": true, "score": 87.92666666666666, "scoreJson": {"score": 87.92666666666666, "mean_recall": 87.92666666666666, "r1": 74.96000000000001, "r5": 92.72, "r10": 96.1}}