{"success": true, "score": 94.86666666666666, "scoreJson": {"score": 94.86666666666666, "mean_recall": 94.86666666666666, "r1": 87.6, "r5": 98.0, "r10": 99.0}}