{"success": true, "score": 89.99333333333333, "scoreJson": {"score": 89.99333333333333, "mean_recall": 89.99333333333333, "r1": 77.75999999999999, "r5": 94.69999999999999, "r10": 97.52}}