{"success": true, "score": 92.83333333333333, "scoreJson": {"score": 92.83333333333333, "mean_recall": 92.83333333333333, "r1": 82.94, "r5": 96.86, "r10": 98.7}}