{"success": true, "score": 98.03333333333333, "scoreJson": {"score": 98.03333333333333, "mean_recall": 98.03333333333333, "r1": 94.69999999999999, "r5": 99.5, "r10": 99.9}}