{"success": true, "score": 96.66666666666667, "scoreJson": {"score": 96.66666666666667, "mean_recall": 96.66666666666667, "r1": 91.8, "r5": 98.7, "r10": 99.5}}