{"success": true, "score": 89.61333333333332, "scoreJson": {"score": 89.61333333333332, "mean_recall": 89.61333333333332, "r1": 77.5, "r5": 94.0, "r10": 97.34}}