{"success": true, "score": 96.83333333333334, "scoreJson": {"score": 96.83333333333334, "mean_recall": 96.83333333333334, "r1": 91.60000000000001, "r5": 99.1, "r10": 99.8}}