{"success": true, "score": 88.32666666666667, "scoreJson": {"score": 88.32666666666667, "mean_recall": 88.32666666666667, "r1": 75.36, "r5": 93.06, "r10": 96.56}}