{"success": true, "score": 95.16666666666667, "scoreJson": {"score": 95.16666666666667, "mean_recall": 95.16666666666667, "r1": 88.3, "r5": 98.1, "r10": 99.1}}