{"success": true, "score": 93.19333333333333, "scoreJson": {"score": 93.19333333333333, "mean_recall": 93.19333333333333, "r1": 83.8, "r5": 97.04, "r10": 98.74000000000001}}