{"success": true, "score": 96.73333333333333, "scoreJson": {"score": 96.73333333333333, "mean_recall": 96.73333333333333, "r1": 92.2, "r5": 98.6, "r10": 99.4}}