{"success": true, "score": 90.07333333333335, "scoreJson": {"score": 90.07333333333335, "mean_recall": 90.07333333333335, "r1": 78.22, "r5": 94.64, "r10": 97.36}}