{"success": true, "score": 96.93333333333332, "scoreJson": {"score": 96.93333333333332, "mean_recall": 96.93333333333332, "r1": 92.10000000000001, "r5": 99.0, "r10": 99.7}}