{"success": true, "score": 88.13333333333334, "scoreJson": {"score": 88.13333333333334, "mean_recall": 88.13333333333334, "r1": 75.38, "r5": 92.84, "r10": 96.17999999999999}}