{"success": true, "score": 95.13333333333334, "scoreJson": {"score": 95.13333333333334, "mean_recall": 95.13333333333334, "r1": 88.1, "r5": 98.3, "r10": 99.0}}