{"success": true, "score": 90.97333333333334, "scoreJson": {"score": 90.97333333333334, "mean_recall": 90.97333333333334, "r1": 79.92, "r5": 95.39999999999999, "r10": 97.6}}