{"success": true, "score": 96.83333333333334, "scoreJson": {"score": 96.83333333333334, "mean_recall": 96.83333333333334, "r1": 92.0, "r5": 98.9, "r10": 99.6}}