{"success": true, "score": 92.61333333333333, "scoreJson": {"score": 92.61333333333333, "mean_recall": 92.61333333333333, "r1": 82.46, "r5": 96.76, "r10": 98.61999999999999}}