{"success": true, "score": 97.73333333333333, "scoreJson": {"score": 97.73333333333333, "mean_recall": 97.73333333333333, "r1": 93.89999999999999, "r5": 99.4, "r10": 99.9}}