{"success": true, "score": 90.16000000000001, "scoreJson": {"score": 90.16000000000001, "mean_recall": 90.16000000000001, "r1": 78.18, "r5": 94.78, "r10": 97.52}}