{"success": true, "score": 90.21333333333334, "scoreJson": {"score": 90.21333333333334, "mean_recall": 90.21333333333334, "r1": 77.92, "r5": 94.96, "r10": 97.76}}