{"success": true, "score": 96.86666666666666, "scoreJson": {"score": 96.86666666666666, "mean_recall": 96.86666666666666, "r1": 92.0, "r5": 98.8, "r10": 99.8}}