{"success": true, "score": 90.04666666666667, "scoreJson": {"score": 90.04666666666667, "mean_recall": 90.04666666666667, "r1": 78.02, "r5": 94.56, "r10": 97.56}}