{"success": true, "score": 90.18666666666667, "scoreJson": {"score": 90.18666666666667, "mean_recall": 90.18666666666667, "r1": 78.24, "r5": 94.8, "r10": 97.52}}