{"success": true, "score": 89.69333333333333, "scoreJson": {"score": 89.69333333333333, "mean_recall": 89.69333333333333, "r1": 77.75999999999999, "r5": 94.22, "r10": 97.1}}