{"success": true, "score": 93.07333333333334, "scoreJson": {"score": 93.07333333333334, "mean_recall": 93.07333333333334, "r1": 83.66, "r5": 96.89999999999999, "r10": 98.66}}