{"success": true, "score": 98.43333333333332, "scoreJson": {"score": 98.43333333333332, "mean_recall": 98.43333333333332, "r1": 95.5, "r5": 99.8, "r10": 100.0}}