{"success": true, "score": 89.24, "scoreJson": {"score": 89.24, "mean_recall": 89.24, "r1": 76.88000000000001, "r5": 93.82000000000001, "r10": 97.02}}