{"success": true, "score": 96.30000000000001, "scoreJson": {"score": 96.30000000000001, "mean_recall": 96.30000000000001, "r1": 90.8, "r5": 98.6, "r10": 99.5}}