{"success": true, "score": 89.98666666666666, "scoreJson": {"score": 89.98666666666666, "mean_recall": 89.98666666666666, "r1": 78.0, "r5": 94.46, "r10": 97.5}}