{"success": true, "score": 95.96666666666667, "scoreJson": {"score": 95.96666666666667, "mean_recall": 95.96666666666667, "r1": 90.10000000000001, "r5": 98.4, "r10": 99.4}}