{"success": true, "score": 89.75333333333334, "scoreJson": {"score": 89.75333333333334, "mean_recall": 89.75333333333334, "r1": 77.56, "r5": 94.64, "r10": 97.06}}