{"success": true, "score": 96.43333333333332, "scoreJson": {"score": 96.43333333333332, "mean_recall": 96.43333333333332, "r1": 91.4, "r5": 98.6, "r10": 99.3}}