{"success": true, "score": 89.79333333333334, "scoreJson": {"score": 89.79333333333334, "mean_recall": 89.79333333333334, "r1": 77.72, "r5": 94.38, "r10": 97.28}}