{"success": true, "score": 96.96666666666665, "scoreJson": {"score": 96.96666666666665, "mean_recall": 96.96666666666665, "r1": 92.30000000000001, "r5": 99.0, "r10": 99.6}}