{"success": true, "score": 90.66000000000001, "scoreJson": {"score": 90.66000000000001, "mean_recall": 90.66000000000001, "r1": 79.36, "r5": 95.06, "r10": 97.56}}