{"success": true, "score": 93.10666666666667, "scoreJson": {"score": 93.10666666666667, "mean_recall": 93.10666666666667, "r1": 83.62, "r5": 97.0, "r10": 98.7}}