{"success": true, "score": 98.53333333333333, "scoreJson": {"score": 98.53333333333333, "mean_recall": 98.53333333333333, "r1": 96.0, "r5": 99.6, "r10": 100.0}}