{"success": true, "score": 93.25333333333333, "scoreJson": {"score": 93.25333333333333, "mean_recall": 93.25333333333333, "r1": 84.02, "r5": 96.96000000000001, "r10": 98.78}}