{"success": true, "score": 91.43333333333334, "scoreJson": {"score": 91.43333333333334, "mean_recall": 91.43333333333334, "r1": 80.60000000000001, "r5": 95.8, "r10": 97.89999999999999}}