{"success": true, "score": 96.86666666666666, "scoreJson": {"score": 96.86666666666666, "mean_recall": 96.86666666666666, "r1": 91.9, "r5": 98.9, "r10": 99.8}}