{"success": true, "score": 90.41333333333334, "scoreJson": {"score": 90.41333333333334, "mean_recall": 90.41333333333334, "r1": 78.24, "r5": 95.14, "r10": 97.86}}