{"success": true, "score": 97.00000000000001, "scoreJson": {"score": 97.00000000000001, "mean_recall": 97.00000000000001, "r1": 92.5, "r5": 98.7, "r10": 99.8}}