{"success": true, "score": 92.90666666666668, "scoreJson": {"score": 92.90666666666668, "mean_recall": 92.90666666666668, "r1": 83.28, "r5": 96.86, "r10": 98.58}}