{"success": true, "score": 89.87333333333332, "scoreJson": {"score": 89.87333333333332, "mean_recall": 89.87333333333332, "r1": 77.53999999999999, "r5": 94.8, "r10": 97.28}}