{"success": true, "score": 90.56666666666668, "scoreJson": {"score": 90.56666666666668, "mean_recall": 90.56666666666668, "r1": 79.34, "r5": 94.89999999999999, "r10": 97.46000000000001}}