{"success": true, "score": 96.46666666666667, "scoreJson": {"score": 96.46666666666667, "mean_recall": 96.46666666666667, "r1": 90.9, "r5": 98.7, "r10": 99.8}}