{"success": true, "score": 92.69333333333334, "scoreJson": {"score": 92.69333333333334, "mean_recall": 92.69333333333334, "r1": 82.54, "r5": 96.88, "r10": 98.66}}