{"success": true, "score": 98.03333333333333, "scoreJson": {"score": 98.03333333333333, "mean_recall": 98.03333333333333, "r1": 94.6, "r5": 99.6, "r10": 99.9}}