{"success": true, "score": 90.57333333333334, "scoreJson": {"score": 90.57333333333334, "mean_recall": 90.57333333333334, "r1": 79.08, "r5": 95.06, "r10": 97.58}}