{"success": true, "score": 96.73333333333333, "scoreJson": {"score": 96.73333333333333, "mean_recall": 96.73333333333333, "r1": 91.9, "r5": 98.8, "r10": 99.5}}