{"success": true, "score": 89.21333333333334, "scoreJson": {"score": 89.21333333333334, "mean_recall": 89.21333333333334, "r1": 76.62, "r5": 93.94, "r10": 97.08}}