{"success": true, "score": 95.53333333333333, "scoreJson": {"score": 95.53333333333333, "mean_recall": 95.53333333333333, "r1": 88.9, "r5": 98.2, "r10": 99.5}}