{"success": true, "score": 90.30666666666667, "scoreJson": {"score": 90.30666666666667, "mean_recall": 90.30666666666667, "r1": 78.8, "r5": 94.72, "r10": 97.39999999999999}}