{"success": true, "score": 96.73333333333333, "scoreJson": {"score": 96.73333333333333, "mean_recall": 96.73333333333333, "r1": 91.60000000000001, "r5": 99.0, "r10": 99.6}}