{"success": true, "score": 87.48666666666666, "scoreJson": {"score": 87.48666666666666, "mean_recall": 87.48666666666666, "r1": 73.48, "r5": 92.80000000000001, "r10": 96.17999999999999}}