{"success": true, "score": 94.86666666666666, "scoreJson": {"score": 94.86666666666666, "mean_recall": 94.86666666666666, "r1": 87.7, "r5": 97.7, "r10": 99.2}}