{"success": true, "score": 96.26666666666667, "scoreJson": {"score": 96.26666666666667, "mean_recall": 96.26666666666667, "r1": 90.8, "r5": 98.6, "r10": 99.4}}