{"success": true, "score": 91.11333333333333, "scoreJson": {"score": 91.11333333333333, "mean_recall": 91.11333333333333, "r1": 80.12, "r5": 95.48, "r10": 97.74000000000001}}