{"success": true, "score": 96.76666666666667, "scoreJson": {"score": 96.76666666666667, "mean_recall": 96.76666666666667, "r1": 91.9, "r5": 98.8, "r10": 99.6}}