{"success": true, "score": 90.97333333333331, "scoreJson": {"score": 90.97333333333331, "mean_recall": 90.97333333333331, "r1": 79.84, "r5": 95.3, "r10": 97.78}}