{"success": true, "score": 96.76666666666667, "scoreJson": {"score": 96.76666666666667, "mean_recall": 96.76666666666667, "r1": 91.60000000000001, "r5": 99.1, "r10": 99.6}}