{"success": true, "score": 90.72666666666666, "scoreJson": {"score": 90.72666666666666, "mean_recall": 90.72666666666666, "r1": 79.28, "r5": 95.36, "r10": 97.54}}