{"success": true, "score": 96.83333333333333, "scoreJson": {"score": 96.83333333333333, "mean_recall": 96.83333333333333, "r1": 91.8, "r5": 99.0, "r10": 99.7}}