{"success": true, "score": 93.47999999999999, "scoreJson": {"score": 93.47999999999999, "mean_recall": 93.47999999999999, "r1": 84.32, "r5": 97.28, "r10": 98.83999999999999}}