{"success": true, "score": 96.53333333333333, "scoreJson": {"score": 96.53333333333333, "mean_recall": 96.53333333333333, "r1": 91.3, "r5": 98.7, "r10": 99.6}}