{"success": true, "score": 97.23333333333332, "scoreJson": {"score": 97.23333333333332, "mean_recall": 97.23333333333332, "r1": 92.7, "r5": 99.3, "r10": 99.7}}