{"success": true, "score": 93.60666666666665, "scoreJson": {"score": 93.60666666666665, "mean_recall": 93.60666666666665, "r1": 84.58, "r5": 97.39999999999999, "r10": 98.83999999999999}}