{"success": true, "score": 98.60000000000001, "scoreJson": {"score": 98.60000000000001, "mean_recall": 98.60000000000001, "r1": 96.3, "r5": 99.6, "r10": 99.9}}