{"success": true, "score": 91.33999999999999, "scoreJson": {"score": 91.33999999999999, "mean_recall": 91.33999999999999, "r1": 80.52, "r5": 95.7, "r10": 97.8}}