{"success": true, "score": 90.89333333333333, "scoreJson": {"score": 90.89333333333333, "mean_recall": 90.89333333333333, "r1": 79.84, "r5": 95.17999999999999, "r10": 97.66}}