{"success": true, "score": 97.00000000000001, "scoreJson": {"score": 97.00000000000001, "mean_recall": 97.00000000000001, "r1": 92.30000000000001, "r5": 99.1, "r10": 99.6}}