{"success": true, "score": 92.13999999999999, "scoreJson": {"score": 92.13999999999999, "mean_recall": 92.13999999999999, "r1": 84.52, "r5": 94.89999999999999, "r10": 97.0}}