{"success": true, "score": 99.33333333333333, "scoreJson": {"score": 99.33333333333333, "mean_recall": 99.33333333333333, "r1": 98.0, "r5": 100.0, "r10": 100.0}}