{"success": true, "score": 98.76666666666667, "scoreJson": {"score": 98.76666666666667, "mean_recall": 98.76666666666667, "r1": 96.7, "r5": 99.6, "r10": 100.0}}