{"success": true, "score": 89.91999999999999, "scoreJson": {"score": 89.91999999999999, "mean_recall": 89.91999999999999, "r1": 77.75999999999999, "r5": 94.58, "r10": 97.42}}