{"success": true, "score": 90.78, "scoreJson": {"score": 90.78, "mean_recall": 90.78, "r1": 79.52, "r5": 95.19999999999999, "r10": 97.61999999999999}}