{"success": true, "score": 90.33333333333333, "scoreJson": {"score": 90.33333333333333, "mean_recall": 90.33333333333333, "r1": 78.5, "r5": 95.04, "r10": 97.46000000000001}}