{"success": true, "score": 96.23333333333333, "scoreJson": {"score": 96.23333333333333, "mean_recall": 96.23333333333333, "r1": 90.7, "r5": 98.6, "r10": 99.4}}