{"success": true, "score": 90.15333333333334, "scoreJson": {"score": 90.15333333333334, "mean_recall": 90.15333333333334, "r1": 78.14, "r5": 94.84, "r10": 97.48}}