{"success": true, "score": 90.90666666666668, "scoreJson": {"score": 90.90666666666668, "mean_recall": 90.90666666666668, "r1": 79.64, "r5": 95.24000000000001, "r10": 97.84}}