{"success": true, "score": 90.37333333333333, "scoreJson": {"score": 90.37333333333333, "mean_recall": 90.37333333333333, "r1": 79.0, "r5": 94.86, "r10": 97.26}}