{"success": true, "score": 96.36666666666667, "scoreJson": {"score": 96.36666666666667, "mean_recall": 96.36666666666667, "r1": 90.9, "r5": 98.6, "r10": 99.6}}